_id,name,slug,description,excerpt,price,tags[0],tags[1],thumbnail,images[0],images[1],images[2],createdAt,updatedAt
663af0e305b878228d9ced15,alas airfryer,alas_airfryer_663af0e305b878228d9ced15,"Alas airfryer ini terbuat dari bahan berkualitas tinggi yang tahan panas, memberikan perlindungan optimal saat memasak dengan airfryer Anda. Didesain untuk kompatibilitas dengan berbagai merek dan model airfryer, serta tersedia dalam berbagai ukuran yang sesuai. Keunggulannya meliputi kemampuan mencegah makanan menempel pada dasar airfryer, memudahkan proses pembersihan, dan mengurangi penumpukan lemak. Dilengkapi dengan ketahanan panas yang baik untuk penggunaan yang aman, serta petunjuk perawatan yang mudah untuk menjaga kebersihan dan kualitasnya. Desainnya yang menarik dan fungsional membuatnya menjadi aksesori yang sempurna untuk airfryer Anda. Ditambah dengan testimoni positif dari pengguna sebelumnya, produk ini menjadi pilihan yang baik untuk meningkatkan pengalaman memasak Anda dengan airfryer.",alas airfryer yang bagus dan mudah untuk di pakai,50000,alas,cookware,https://res.cloudinary.com/dghilbqdk/image/upload/v1715129012/sample%20c2p3/dbAsset/alas%20airfryer/d9cifoat2itjzrfnv3eg.jpg,https://res.cloudinary.com/dghilbqdk/image/upload/v1715129011/sample%20c2p3/dbAsset/alas%20airfryer/ix5u0tbndnrgsiej550l.jpg,https://res.cloudinary.com/dghilbqdk/image/upload/v1715129011/sample%20c2p3/dbAsset/alas%20airfryer/xxruihkihr7lkcyaxmib.jpg,https://res.cloudinary.com/dghilbqdk/image/upload/v1715129011/sample%20c2p3/dbAsset/alas%20airfryer/uuicocaiooxmeuhsuy7m.jpg,2024-05-8T12:00:52.772Z,2024-05-8T12:00:52.772Z
663af3a205b878228d9ced17,alas panci,alas_panci_663af0e305b878228d9ced15,"Dapatkan perlindungan maksimal untuk meja dapur Anda dengan Alas Panci Anti Panas kami. Dirancang dengan bahan kualitas tinggi yang tahan panas, alas panci kami melindungi permukaan meja Anda dari kerusakan akibat panas yang dihasilkan oleh panci atau wajan yang baru saja diangkat dari kompor. Terbuat dari silikon berkualitas tinggi yang tahan panas, desainnya ringan dan mudah untuk dipindahkan. Dilengkapi dengan tekstur anti-selip untuk mencegah panci atau wajan bergeser saat diletakkan di atasnya, serta tersedia dalam berbagai warna yang menarik dan modern untuk menambah sentuhan gaya pada dapur Anda. Dengan Alas Panci Anti Panas kami, Anda dapat memasak dengan lebih aman dan nyaman, tanpa khawatir merusak permukaan meja atau kompor Anda. Sempurna untuk setiap rumah tangga yang peduli akan keamanan dan estetika dapur mereka",alas panci yang bagus dan mudah untuk di pakai dan tidak mudah kotor,100000,alasan,cookware,https://res.cloudinary.com/dghilbqdk/image/upload/v1715129013/sample%20c2p3/dbAsset/alas%20panci/juu312iomalvtdiw6r3y.jpg,https://res.cloudinary.com/dghilbqdk/image/upload/v1715129012/sample%20c2p3/dbAsset/alas%20panci/fwhhlr442ovfmjjvr03u.jpg,https://res.cloudinary.com/dghilbqdk/image/upload/v1715129011/sample%20c2p3/dbAsset/alas%20panci/fdqjxjaeryftdssqdzye.jpg,https://res.cloudinary.com/dghilbqdk/image/upload/v1715129011/sample%20c2p3/dbAsset/alas%20panci/m68wgxdg7ltnwtysa7s8.jpg,2024-05-8T12:01:52.772Z,2024-05-8T12:01:52.772Z
663af53405b878228d9ced18,asus vivobook,asus_vivobook_663af53405b878228d9ced18,"Rasakan keseimbangan sempurna antara kinerja dan gaya dengan Asus VivoBook, laptop inovatif yang menggabungkan desain elegan dengan kecanggihan teknologi. Didesain untuk memenuhi kebutuhan pengguna modern, Asus VivoBook menampilkan desain yang ramping dan ringan, ideal untuk mobilitas sehari-hari. Dengan prosesor canggih dan RAM yang besar, VivoBook menawarkan kinerja yang tangguh untuk multitasking tanpa hambatan, mulai dari menjalankan aplikasi produktivitas hingga menikmati konten multimedia berkualitas tinggi. Layar Full HD yang cerah dan tajam memberikan pengalaman visual yang memukau, sementara suara yang ditingkatkan oleh teknologi audio terbaru membenamkan Anda dalam pengalaman mendengarkan yang mengesankan. Dilengkapi dengan berbagai fitur tambahan seperti keyboard yang ergonomis dan konektivitas yang luas, Asus VivoBook adalah pilihan sempurna bagi mereka yang menginginkan laptop yang andal, stylish, dan serbaguna untuk kebutuhan sehari-hari mereka.",laptop yang canggih dan ringan untuk di pakai oleh semua orang dan terkenal oleh semua orang karena ringan,1000000,technology,asus,https://res.cloudinary.com/dghilbqdk/image/upload/v1715129014/sample%20c2p3/dbAsset/asus%20vivobook/iciyjhad4t4z15xpvpuq.jpg,https://res.cloudinary.com/dghilbqdk/image/upload/v1715129014/sample%20c2p3/dbAsset/asus%20vivobook/pg8owmfrwk9l7pbtgsra.jpg,https://res.cloudinary.com/dghilbqdk/image/upload/v1715129013/sample%20c2p3/dbAsset/asus%20vivobook/pzajkfnyvztsfclha1ai.jpg,https://res.cloudinary.com/dghilbqdk/image/upload/v1715129013/sample%20c2p3/dbAsset/asus%20vivobook/qfzvg5u64ibidylutn9v.jpg,2024-05-8T12:02:52.772Z,2024-05-8T12:02:52.772Z
663af77505b878228d9ced1c,box_uang,box_uang_663af77505b878228d9ced1c,"Dapatkan keamanan untuk uang Anda dengan Box Uang kami. Dirancang untuk memenuhi kebutuhan penyimpanan uang dengan aman dan efisien, box ini menawarkan desain yang kokoh dan cantik, cocok untuk digunakan di rumah. Terbuat dari bahan berkualitas tinggi yang tahan lama, box ini dilengkapi dengan kunci yang kokoh untuk memberikan perlindungan tambahan terhadap pencurian atau akses tidak sah. Dengan ruang penyimpanan yang cukup dan terorganisir dengan baik, Anda dapat dengan mudah menyimpan dan mengatur uang kertas, koin, atau barang berharga lainnya dengan rapi dan teratur. Desainnya yang elegan dan minimalis juga akan menambah sentuhan gaya pada ruang penyimpanan Anda. Dengan Box Uang kami, Anda dapat memiliki ketenangan pikiran dan keamanan dalam menyimpan dan mengelola kekayaan Anda.",box uang yang cantik dan terjangkau,40000,decoration,savings,https://res.cloudinary.com/dghilbqdk/image/upload/v1715129015/sample%20c2p3/dbAsset/Box%20uang/kopolvdpc15d5hsy6rgz.jpg,https://res.cloudinary.com/dghilbqdk/image/upload/v1715129015/sample%20c2p3/dbAsset/Box%20uang/vuiwvohkv7ryres6d4gm.jpg,https://res.cloudinary.com/dghilbqdk/image/upload/v1715129015/sample%20c2p3/dbAsset/Box%20uang/rfwpzd9vy30knz9zofol.jpg,https://res.cloudinary.com/dghilbqdk/image/upload/v1715129014/sample%20c2p3/dbAsset/Box%20uang/nettxqt7hznk2xody13g.jpg,2024-05-8T12:03:52.772Z,2024-05-8T12:03:52.772Z
663af8d95cf792a43e4a388f,car polisher,car_polisher_663af8d95cf792a43e4a388f,"Dapatkan hasil poles profesional di kenyamanan rumah Anda sendiri dengan Car Polisher kami. Dirancang untuk memberikan kilau yang mengesankan pada mobil Anda, alat ini dilengkapi dengan fitur-fitur canggih untuk hasil yang luar biasa. Dengan motor yang kuat dan putaran yang dapat disesuaikan, Car Polisher kami memberikan kontrol yang presisi untuk menghasilkan hasil yang mulus dan berkilau. Didesain ergonomis dengan pegangan yang nyaman, Anda dapat dengan mudah mengoperasikan alat ini tanpa lelah. Dilengkapi dengan berbagai lampu indikator dan fitur keamanan, Anda dapat mengoperasikan Car Polisher dengan percaya diri dan aman. Dengan Car Polisher kami, Anda bisa memberikan sentuhan akhir yang sempurna pada mobil Anda, meningkatkan tampilan keseluruhan dan meningkatkan nilai estetika kendaraan Anda.",polish mobil menjadi lebih mudah dan lebih baik,30000,technology,car cleaner,https://res.cloudinary.com/dghilbqdk/image/upload/v1715129016/sample%20c2p3/dbAsset/car%20polisher/htqrwiskgwqzazzqeown.jpg,https://res.cloudinary.com/dghilbqdk/image/upload/v1715129015/sample%20c2p3/dbAsset/car%20polisher/gucecyplok5mklnftgfw.jpg,https://res.cloudinary.com/dghilbqdk/image/upload/v1715129012/sample%20c2p3/dbAsset/car%20polisher/l9qmkz5sr72fwwdrfafr.jpg,https://res.cloudinary.com/dghilbqdk/image/upload/v1715129011/sample%20c2p3/dbAsset/car%20polisher/ppnwlwdu4xkdeoktwld8.jpg,2024-05-8T12:04:52.772Z,2024-05-8T12:04:52.772Z
663afa205cf792a43e4a3890,case iphone 15,case_iphone_15_663afa205cf792a43e4a3890,"Pelindung sempurna untuk iPhone 15 Anda, kasus ini tidak hanya menambahkan lapisan perlindungan ekstra terhadap goresan dan benturan, tetapi juga memberikan sentuhan gaya yang elegan. Dirancang khusus untuk iPhone 15, kasus ini presisi dipotong untuk memastikan semua tombol dan port tetap dapat diakses dengan mudah. Terbuat dari bahan berkualitas tinggi yang tahan lama, kasus ini memberikan perlindungan yang andal tanpa menambahkan bulk yang tidak perlu. Dengan desain yang ramping dan ringan, Anda dapat dengan nyaman membawa iPhone 15 Anda di saku Anda atau tas tanpa khawatir tentang penambahan berat yang signifikan. Tersedia dalam berbagai warna dan gaya, kasus ini memungkinkan Anda mengekspresikan kepribadian Anda sambil menjaga iPhone 15 Anda tetap aman dan terlindungi setiap saat.",case iphone 15 terbaru dan lebih aman,70000,technology,casing,https://res.cloudinary.com/dghilbqdk/image/upload/v1715129014/sample%20c2p3/dbAsset/case%20iphone%2015/emgnpk8g65jw7zxq1ily.jpg,https://res.cloudinary.com/dghilbqdk/image/upload/v1715129013/sample%20c2p3/dbAsset/case%20iphone%2015/qzwktajaetykytym3um1.jpg,https://res.cloudinary.com/dghilbqdk/image/upload/v1715129013/sample%20c2p3/dbAsset/case%20iphone%2015/ygkpae2aefaob9whnvqr.jpg,https://res.cloudinary.com/dghilbqdk/image/upload/v1715129013/sample%20c2p3/dbAsset/case%20iphone%2015/hdnez8b5c4tpseo4lps1.jpg,2024-05-8T12:05:52.772Z,2024-05-8T12:05:52.772Z
663afb855cf792a43e4a3891,chest strap handphone,case_iphone_15_663afb855cf792a43e4a3891,"Bebaskan tangan Anda dan nikmati kenyamanan maksimal saat Anda berlari, bersepeda, atau melakukan kegiatan fisik lainnya dengan chest strap handphone kami. Dirancang untuk memberikan solusi praktis untuk membawa handphone Anda saat bergerak, chest strap ini menawarkan kenyamanan dan keamanan yang tak tertandingi. Terbuat dari bahan berkualitas tinggi yang tahan lama dan ringan, chest strap ini memberikan penyangga yang stabil dan nyaman di dada Anda tanpa mengganggu gerakan. Dengan desain yang dapat disesuaikan, Anda dapat menyesuaikan strap agar pas dengan tubuh Anda untuk pengalaman yang sesuai dengan kebutuhan Anda. Dengan slot khusus yang dirancang untuk menempatkan handphone dengan aman, Anda dapat dengan mudah mengakses layar handphone Anda untuk melihat peta, memutar musik, atau menerima panggilan tanpa harus mengganggu kegiatan Anda. Sempurna untuk penggemar olahraga dan petualang yang ingin tetap terhubung tanpa harus mengorbankan kenyamanan atau keamanan.",chest strap handphone model terbaru enteng dan mudah di pakai,90000,technology,gadget,https://res.cloudinary.com/dghilbqdk/image/upload/v1715129015/sample%20c2p3/dbAsset/chest%20strap%20handphone/y6n1o8effdsdukbyhryo.jpg,https://res.cloudinary.com/dghilbqdk/image/upload/v1715129014/sample%20c2p3/dbAsset/chest%20strap%20handphone/ybkzvc9lepfz9rrr19ow.jpg,https://res.cloudinary.com/dghilbqdk/image/upload/v1715129015/sample%20c2p3/dbAsset/chest%20strap%20handphone/eipjgw1ipoqrm1nggvut.jpg,https://res.cloudinary.com/dghilbqdk/image/upload/v1715129014/sample%20c2p3/dbAsset/chest%20strap%20handphone/u17aevtcudxtre2nshco.jpg,2024-05-8T12:06:52.772Z,2024-05-8T12:06:52.772Z
663afd635cf792a43e4a3893,cubic air fryer,cubic_air_fryer_663afd635cf792a43e4a3893,"Selamatkan waktu dan nikmati hidangan yang sehat dan lezat dengan Cubic Air Fryer kami. Dirancang untuk memenuhi kebutuhan memasak Anda dengan mudah dan cepat, air fryer ini menawarkan pengalaman memasak yang praktis dan efisien. Dengan teknologi penggorengan udara yang canggih, Cubic Air Fryer memungkinkan Anda menggoreng makanan favorit Anda dengan sedikit atau tanpa minyak, menghasilkan hasil yang renyah di luar dan lembut di dalam tanpa tambahan lemak yang berlebihan. Didesain dengan kontrol suhu yang mudah diatur dan timer digital, Anda dapat memasak berbagai jenis makanan dengan sempurna sesuai dengan preferensi Anda. Dengan kapasitas yang luas, Anda dapat memasak untuk keluarga besar atau hanya untuk diri sendiri dengan mudah. Dengan desain yang kompak dan stylish, Cubic Air Fryer juga akan menambah sentuhan modern pada dapur Anda. Sempurna untuk para koki rumahan yang sibuk dan pencinta makanan yang peduli akan kesehatan dan kualitas makanan mereka.","cubic air fryer, with the latest model lebih praktis dan efesien",200000,technology,cookware,https://res.cloudinary.com/dghilbqdk/image/upload/v1715129016/sample%20c2p3/dbAsset/cubic%20air%20fryer/hlw8tbo4b7t3ugpq6bpx.jpg,https://res.cloudinary.com/dghilbqdk/image/upload/v1715129016/sample%20c2p3/dbAsset/cubic%20air%20fryer/erxkwcj3xrcypb3661cx.jpg,https://res.cloudinary.com/dghilbqdk/image/upload/v1715129016/sample%20c2p3/dbAsset/cubic%20air%20fryer/e4w5f7mnn2kcnpejkg9f.jpg,https://res.cloudinary.com/dghilbqdk/image/upload/v1715129016/sample%20c2p3/dbAsset/cubic%20air%20fryer/oywijalkvprt8ylkrfwv.jpg,2024-05-8T12:07:52.772Z,2024-05-8T12:07:52.772Z
663afd8f5cf792a43e4a3894,dompet pria,dompet_pria_663afd8f5cf792a43e4a3894,"Bawa gaya dan fungsionalitas ke saku Anda dengan dompet pria kami. Dirancang untuk memenuhi kebutuhan sehari-hari pria yang modern, dompet ini menggabungkan desain yang elegan dengan kualitas bahan yang luar biasa. Terbuat dari bahan kulit berkualitas tinggi yang tahan lama, dompet ini tidak hanya menampilkan tampilan yang mewah, tetapi juga memberikan ketahanan yang tahan lama terhadap penggunaan sehari-hari. Dengan berbagai slot dan kantong yang disusun dengan baik, Anda dapat menyimpan uang tunai, kartu kredit, kartu identitas, dan kartu lainnya dengan teratur dan aman. Desainnya yang ramping membuatnya nyaman untuk dibawa di saku celana atau jas Anda tanpa menambah bulk yang tidak diinginkan. Dengan sentuhan akhir yang halus dan detail yang cermat, dompet pria kami adalah aksesori yang sempurna untuk menambahkan sentuhan gaya yang elegan pada penampilan sehari-hari Anda.",dompet pria berfashion terbaru dan mudah di pakai,50000,fashion,male fashion,https://res.cloudinary.com/dghilbqdk/image/upload/v1715129017/sample%20c2p3/dbAsset/dompet%20pria/v6fnow0to3zdz0dfxk5d.jpg,https://res.cloudinary.com/dghilbqdk/image/upload/v1715129017/sample%20c2p3/dbAsset/dompet%20pria/v6fnow0to3zdz0dfxk5d.jpg,https://res.cloudinary.com/dghilbqdk/image/upload/v1715129017/sample%20c2p3/dbAsset/dompet%20pria/ynfmgczj3mo7z6ozw3de.jpg,https://res.cloudinary.com/dghilbqdk/image/upload/v1715129016/sample%20c2p3/dbAsset/dompet%20pria/kelxaicxpfeuqdctzgkj.jpg,2024-05-8T12:08:52.772Z,2024-05-8T12:08:52.772Z
663aff755cf792a43e4a3895,gergaji listrik,gergaji_listrik_663aff755cf792a43e4a3895,"Alat yang kuat dan efisien untuk memenuhi kebutuhan pemotongan Anda, gergaji listrik kami adalah alat wajib bagi para pengrajin dan tukang yang membutuhkan performa tinggi. Didesain untuk memberikan hasil pemotongan yang presisi dan cepat, gergaji listrik ini dilengkapi dengan motor yang kuat dan pisau yang tajam. Dengan fitur-fitur seperti pengaturan kecepatan variabel dan sistem penguncian pisau, Anda memiliki kendali penuh atas kecepatan dan kedalaman potongan untuk berbagai jenis material. Dengan desain yang ergonomis dan pegangan yang nyaman, gergaji ini dapat digunakan dengan mudah dan nyaman dalam jangka waktu yang lama tanpa menyebabkan kelelahan. Ideal untuk proyek-proyek konstruksi, perbaikan rumah, dan kerajinan kayu, gergaji listrik kami adalah investasi yang cerdas bagi siapa saja yang membutuhkan alat yang handal dan efisien untuk tugas pemotongan mereka.",gergaji listrik mudah di pakai dan lebih effecient,5000000,technology,workshop tools,https://res.cloudinary.com/dghilbqdk/image/upload/v1715129018/sample%20c2p3/dbAsset/gergaji%20listrik/k967v9xfllkzm2riao6r.jpg,https://res.cloudinary.com/dghilbqdk/image/upload/v1715129018/sample%20c2p3/dbAsset/gergaji%20listrik/k967v9xfllkzm2riao6r.jpg,https://res.cloudinary.com/dghilbqdk/image/upload/v1715129017/sample%20c2p3/dbAsset/gergaji%20listrik/zekbn0yp1akdlpct8fme.jpg,https://res.cloudinary.com/dghilbqdk/image/upload/v1715129017/sample%20c2p3/dbAsset/gergaji%20listrik/n27mfaacbsf2covlnalm.jpg,2024-05-8T12:09:52.772Z,2024-05-8T12:09:52.772Z
663b01475cf792a43e4a3896,headset PINZY,headset_PINZY_663b01475cf792a43e4a3896,"Rasakan kualitas suara yang superior dan kenyamanan maksimal dengan headset Pinzy kami. Dirancang untuk memenuhi kebutuhan audio Anda sehari-hari, headset ini menawarkan pengalaman mendengarkan yang luar biasa dengan suara yang jernih dan detail yang kaya. Dengan driver audio berkualitas tinggi dan teknologi noise cancellation yang canggih, Anda dapat menikmati musik, podcast, dan panggilan telepon tanpa gangguan dari kebisingan luar. Didesain dengan kenyamanan sebagai prioritas utama, headset ini dilengkapi dengan bantalan telinga yang lembut dan busa yang ringan untuk penggunaan yang nyaman dalam waktu yang lama. Dilengkapi dengan kontrol volume yang mudah diakses dan mikrofon yang sensitif, Anda dapat dengan mudah mengatur pengalaman audio Anda dan berkomunikasi dengan jelas saat berada dalam panggilan. Dengan desain yang stylish dan konstruksi yang tahan lama, headset Pinzy merupakan pilihan yang sempurna untuk mendampingi gaya hidup Anda yang aktif dan terkoneksi.","headset model terbaru, ringan, dan enak di pakai",2000000,technology,gadget,https://res.cloudinary.com/dghilbqdk/image/upload/v1715129019/sample%20c2p3/dbAsset/headset%20PINZY/p0x4foa4192mjmbkzjgn.jpg,https://res.cloudinary.com/dghilbqdk/image/upload/v1715129018/sample%20c2p3/dbAsset/headset%20PINZY/myntgf8gaticz8fwaejn.jpg,https://res.cloudinary.com/dghilbqdk/image/upload/v1715129018/sample%20c2p3/dbAsset/headset%20PINZY/uidkcvezzkgncueazyqg.jpg,https://res.cloudinary.com/dghilbqdk/image/upload/v1715129018/sample%20c2p3/dbAsset/headset%20PINZY/fbnhqlfvpgeymkwskdtu.jpg,2024-05-8T13:10:52.772Z,2024-05-8T13:10:52.772Z
663b020c5cf792a43e4a3897,jus bawang putih,jus_bawang_putih_663b020c5cf792a43e4a3897,"Jus Bawang Putih kami adalah pilihan sempurna bagi mereka yang menginginkan manfaat kesehatan luar biasa dari bawang putih dalam bentuk yang lebih mudah dikonsumsi. Dibuat dari bawang putih segar berkualitas tinggi yang diperas dengan hati-hati, jus kami menawarkan konsentrasi tinggi senyawa aktif yang dikenal karena sifat antioksidan dan anti-inflamasi mereka. Mengonsumsi jus bawang putih secara teratur dapat membantu meningkatkan sistem kekebalan tubuh, menurunkan tekanan darah, dan mendukung kesehatan jantung secara keseluruhan. Meskipun memiliki rasa yang kuat dan tajam, jus kami dirancang untuk memberikan keseimbangan yang sempurna antara manfaat kesehatan dan kenikmatan rasa. Nikmati sendiri sebagai minuman harian yang menyegarkan atau tambahkan ke smoothie atau jus lainnya untuk meningkatkan asupan nutrisi Anda. Dengan Jus Bawang Putih kami, Anda dapat menikmati manfaat kesehatan bawang putih dengan mudah dan lezat setiap hari.",jus bawang putih ramuan terbaru dan bagus untuk tubuh,100000,herbal,health,https://res.cloudinary.com/dghilbqdk/image/upload/v1715129019/sample%20c2p3/dbAsset/jus%20bawang%20putih/n20vwosnb62bvesuy3ep.jpg,https://res.cloudinary.com/dghilbqdk/image/upload/v1715129019/sample%20c2p3/dbAsset/jus%20bawang%20putih/w9riewpahf2zoeldkrrv.jpg,https://res.cloudinary.com/dghilbqdk/image/upload/v1715129019/sample%20c2p3/dbAsset/jus%20bawang%20putih/plasmpydhfg0lhw3iv4o.jpg,https://res.cloudinary.com/dghilbqdk/image/upload/v1715129019/sample%20c2p3/dbAsset/jus%20bawang%20putih/gjfgqxn4fzbfutly9yc3.jpg,2024-05-8T13:11:22.772Z,2024-05-8T13:11:22.772Z
663b02e85cf792a43e4a3898,keset,keset_663b02e85cf792a43e4a3898,"Keset kami adalah solusi terbaik untuk membersihkan dan merawat lantai Anda dengan mudah dan efektif. Didesain untuk kekuatan pembersihan yang optimal, keset kami menggunakan serat mikrofiber berkualitas tinggi yang mampu menangkap debu, kotoran, dan serpihan dengan cepat dan efisien tanpa meninggalkan goresan atau noda. Dengan desain yang ringan dan pegangan yang ergonomis, keset ini nyaman digunakan dan memungkinkan Anda untuk membersihkan dengan lebih efisien tanpa menyebabkan kelelahan pada tangan atau lengan Anda. Cocok untuk penggunaan di berbagai jenis lantai, mulai dari kayu keras hingga keramik, keset kami adalah pilihan terbaik untuk menjaga kebersihan dan keindahan lantai Anda. Nikmati kepraktisan dan kualitas yang tak tertandingi dengan keset kami untuk membersihkan rumah atau ruang kerja Anda dengan mudah dan efisien setiap hari.",keset terbaru yang tahan lama dan anti noda,100000,furniture,clean home,https://res.cloudinary.com/dghilbqdk/image/upload/v1715129020/sample%20c2p3/dbAsset/keset/liapi8w203jn9uaq6lj6.jpg,https://res.cloudinary.com/dghilbqdk/image/upload/v1715129020/sample%20c2p3/dbAsset/keset/zylal0uyjxpbbky4b2lu.jpg,https://res.cloudinary.com/dghilbqdk/image/upload/v1715129020/sample%20c2p3/dbAsset/keset/upmf9wkqcco5bszld3lx.jpg,https://res.cloudinary.com/dghilbqdk/image/upload/v1715129019/sample%20c2p3/dbAsset/keset/oqottuvlez54wta790k6.jpg,2024-05-8T13:12:32.772Z,2024-05-8T13:12:32.772Z
663b03ab5cf792a43e4a3899,kunci ring universial,kunci_ring_universial_663b03ab5cf792a43e4a3899,"Kunci Ring Universia kami adalah alat yang sangat serbaguna untuk berbagai kebutuhan pemutar kunci. Didesain dengan presisi untuk memberikan kinerja yang handal dan tahan lama, kunci ring ini cocok untuk digunakan di berbagai jenis baut, mur, dan sekrup. Terbuat dari bahan berkualitas tinggi yang kuat dan tahan korosi, kunci ring kami menawarkan keandalan dan ketangguhan dalam setiap penggunaan. Dengan desain yang ergonomis dan pegangan yang nyaman, kunci ring ini mudah digunakan dan memberikan kontrol yang tepat untuk memastikan pengencangan atau pembukaan yang efisien. Cocok untuk digunakan di garasi, bengkel, atau di rumah, kunci ring Universia adalah tambahan yang penting untuk koleksi alat Anda yang akan membuat tugas-tugas perbaikan dan pemeliharaan menjadi lebih mudah dan nyaman",kunci ring yang mudah di pakai dan bisa di pakai di mana saja,50000,ring wrench,workshop tools,https://res.cloudinary.com/dghilbqdk/image/upload/v1715129020/sample%20c2p3/dbAsset/kunci%20ring%20universal/daacccovxqzgjct2sl4o.jpg,https://res.cloudinary.com/dghilbqdk/image/upload/v1715129020/sample%20c2p3/dbAsset/kunci%20ring%20universal/wfl69ynnmj7zmpdeymnp.jpg,https://res.cloudinary.com/dghilbqdk/image/upload/v1715129020/sample%20c2p3/dbAsset/kunci%20ring%20universal/kawwnk0fnnof1lknehvt.jpg,https://res.cloudinary.com/dghilbqdk/image/upload/v1715129020/sample%20c2p3/dbAsset/kunci%20ring%20universal/fytggz33nqbcecraw1ot.jpg,2024-05-8T13:13:42.772Z,2024-05-8T13:13:42.772Z
663b049d5cf792a43e4a389a,meja lipat,meja_lipat_663b049d5cf792a43e4a389a,"Kami hadirkan meja lipat inovatif kami, solusi utama untuk kebutuhan ruang kerja yang fleksibel. Dirancang dengan kenyamanan sebagai prioritas, meja lipat ini menawarkan desain yang kompak dan portabel yang sempurna untuk ruang kecil, kantor di rumah, atau workstation yang bisa dibawa ke mana saja. Konstruksi yang kokoh namun ringan memungkinkan untuk mudah dibawa dan dipasang, ideal untuk pelajar, pekerja lepas, atau siapa pun yang membutuhkan solusi ruang kerja yang fleksibel. Dengan mekanisme lipat yang cepat dan mudah, Anda dapat dengan mudah memasang atau menyimpan meja dalam hitungan detik, memaksimalkan ruang ketika tidak digunakan. Meskipun memiliki desain hemat ruang, meja lipat kami tidak mengorbankan fungsionalitas atau gaya. Dengan estetika yang modern dan elegan, meja ini menyatu dengan sempurna ke dalam lingkungan mana pun sambil menyediakan permukaan kerja yang stabil dan luas untuk tugas-tugas sehari-hari Anda. Tingkatkan ruang kerja Anda dengan meja lipat praktis dan serbaguna kami hari ini.",meja lipat yang bisa di gunakan di mana saja kita berada,10000,table,house items,https://res.cloudinary.com/dghilbqdk/image/upload/v1715129021/sample%20c2p3/dbAsset/meja%20lipat/nrnaoappw9zqsyekpq6p.jpg,https://res.cloudinary.com/dghilbqdk/image/upload/v1715129021/sample%20c2p3/dbAsset/meja%20lipat/odtkm0c1d5nf3osvgjvk.jpg,https://res.cloudinary.com/dghilbqdk/image/upload/v1715129021/sample%20c2p3/dbAsset/meja%20lipat/wgflfxz5j2zj8zvmsixm.jpg,https://res.cloudinary.com/dghilbqdk/image/upload/v1715129020/sample%20c2p3/dbAsset/meja%20lipat/hkhcvsaw6lgopheukppu.jpg,2024-05-8T13:14:52.772Z,2024-05-8T13:14:52.772Z
663b06545cf792a43e4a389d,mouse gaming,mouse_gaming_663b06545cf792a43e4a389d,"Bawa pengalaman gaming Anda ke level berikutnya dengan mouse gaming kami yang inovatif. Dirancang khusus untuk para gamer yang serius, mouse ini menawarkan performa tinggi, presisi, dan kenyamanan yang tak tertandingi. Dengan sensor optik yang akurat dan responsif, Anda dapat mengontrol permainan dengan tepat dan cepat, sementara desain ergonomisnya memberikan kenyamanan maksimal bahkan dalam sesi permainan yang panjang. Tombol-tombol yang diprogram secara khusus dan lampu RGB yang menarik tidak hanya memberikan fungsi tambahan dan gaya yang menakjubkan, tetapi juga meningkatkan pengalaman gaming Anda secara keseluruhan. Terlebih lagi, mouse gaming kami didukung dengan perangkat lunak yang dapat disesuaikan, memungkinkan Anda untuk mengatur setiap aspek dari mouse sesuai dengan preferensi Anda. Dengan mouse gaming kami, Anda siap untuk memimpin dalam setiap pertempuran dan menaklukkan setiap tantangan dalam permainan favorit Anda.",mouse gaming terbaru dan enak untuk di pakai buat gaming,670000,technology,gaming,https://res.cloudinary.com/dghilbqdk/image/upload/v1715129022/sample%20c2p3/dbAsset/mouse%20gaming/fxxseczqbmvdkoka1pqu.jpg,https://res.cloudinary.com/dghilbqdk/image/upload/v1715129022/sample%20c2p3/dbAsset/mouse%20gaming/gfqfvut9pslyenwoxhk8.jpg,https://res.cloudinary.com/dghilbqdk/image/upload/v1715129022/sample%20c2p3/dbAsset/mouse%20gaming/xfujem4oteunsltxxxom.jpg,https://res.cloudinary.com/dghilbqdk/image/upload/v1715129021/sample%20c2p3/dbAsset/mouse%20gaming/bhp6rw8amlah1yywpeuw.jpg,2024-05-8T13:15:22.772Z,2024-05-8T13:15:22.772Z
663b10355cf792a43e4a38a2,parfum nifty twice,parfum_nifty_twice_663b10355cf792a43e4a38a2,"Nikmati aroma yang segar dan memikat dengan Parfum Nifty Twice kami. Diciptakan dengan komposisi yang menyenangkan dan mewah, parfum ini menggabungkan sentuhan bunga yang lembut dengan aroma buah yang manis, menciptakan kesan yang memikat dan tak terlupakan. Dengan daya tahan yang lama dan aroma yang menyebar dengan indah, parfum ini cocok untuk digunakan sepanjang hari, dari pagi hingga malam. Penampilan yang elegan dan botol yang mewah menambahkan sentuhan kemewahan pada koleksi parfum Anda, membuatnya menjadi pilihan yang sempurna untuk acara khusus atau sehari-hari. Dengan Parfum Nifty Twice, tambahkan sentuhan kesegaran dan kepercayaan diri pada setiap langkah Anda.",the latest model of parfum nifty twice dengan aroma yang manis dan segar,400000,parfum,cosmetics,https://res.cloudinary.com/dghilbqdk/image/upload/v1715129023/sample%20c2p3/dbAsset/parfum%20nifty%20twice/ycz0qzdmsgpdvrl9cfye.jpg,https://res.cloudinary.com/dghilbqdk/image/upload/v1715129022/sample%20c2p3/dbAsset/parfum%20nifty%20twice/izqbzzqliovavnvbfxc0.jpg,https://res.cloudinary.com/dghilbqdk/image/upload/v1715129022/sample%20c2p3/dbAsset/parfum%20nifty%20twice/otf0kkebxpbknt3hlplk.jpg,https://res.cloudinary.com/dghilbqdk/image/upload/v1715129022/sample%20c2p3/dbAsset/parfum%20nifty%20twice/pt6hblarrgfngoknxwin.jpg,2024-05-8T13:16:32.772Z,2024-05-8T13:16:32.772Z
663b10825cf792a43e4a38a3,attack softener,attack_softener_663b10825cf792a43e4a38a3,"Attack Softener adalah solusi sempurna untuk pakaian lembut dan harum yang tahan lama. Dirumus khusus dengan teknologi canggih, pelembut pakaian ini memberikan hasil yang luar biasa dengan melembutkan serat kain dan mengurangi kerutan, sehingga pakaian terasa lembut dan nyaman saat dikenakan. Ditambah dengan aroma yang menyegarkan dan tahan lama, Attack Softener memberikan kesan yang menyenangkan setiap kali Anda memakainya. Diformulasikan untuk berbagai jenis kain dan mesin cuci, produk ini mudah digunakan dan cocok untuk digunakan dalam setiap siklus pencucian. Dengan Attack Softener, pakaian Anda akan tetap lembut, harum, dan nyaman setiap hari.","Attack softener, softener yang dipercayai oleh banyak ibu",400000,softener,laundry,https://res.cloudinary.com/dghilbqdk/image/upload/v1715129023/sample%20c2p3/dbAsset/softener/mwybny09v3edcuztwjs9.jpg,https://res.cloudinary.com/dghilbqdk/image/upload/v1715129023/sample%20c2p3/dbAsset/softener/wff2jrqh9vwenm2mau2d.jpg,https://res.cloudinary.com/dghilbqdk/image/upload/v1715129023/sample%20c2p3/dbAsset/softener/d7meahu3fzfjdzttdyx5.jpg,https://res.cloudinary.com/dghilbqdk/image/upload/v1715129023/sample%20c2p3/dbAsset/softener/wiutaq069yepqq6mqlwr.jpg,2024-05-8T13:17:42.772Z,2024-05-8T13:17:42.772Z
663b12465cf792a43e4a38a6,toshiba air cooler,toshiba_air_cooler_663b12465cf792a43e4a38a6,"Nikmati kesejukan optimal di dalam ruangan Anda dengan Air Cooler Toshiba kami. Dirancang untuk memberikan performa pendinginan yang efisien dan nyaman, air cooler ini menawarkan udara sejuk tanpa perlu instalasi yang rumit atau biaya listrik yang tinggi. Dengan teknologi canggih dan desain yang inovatif, Air Cooler Toshiba mampu menghasilkan aliran udara yang sejuk dan menyegarkan, menghilangkan panas dan kelembaban dari ruangan Anda dalam waktu singkat. Dilengkapi dengan berbagai fitur pintar seperti pengaturan kecepatan kipas yang dapat disesuaikan, timer otomatis, dan fungsi pengendalian jarak jauh, Anda dapat dengan mudah menyesuaikan pengalaman pendinginan Anda sesuai dengan preferensi dan kebutuhan Anda. Dengan desain yang ringkas dan portabel, air cooler ini mudah dipindahkan dari satu ruangan ke ruangan lainnya, sehingga Anda dapat menikmati kesejukan di mana pun Anda berada. Dengan Air Cooler Toshiba, Anda dapat menikmati kesejukan yang nyaman dan menyegarkan di rumah atau kantor Anda sepanjang hari.",air cooling toshiba terbaru dan terbagus di tempat,2000000,technology,toshiba,https://res.cloudinary.com/dghilbqdk/image/upload/v1715129024/sample%20c2p3/dbAsset/toshiba%20air%20cooler/xsk7f3oxjw103akk39hk.jpg,https://res.cloudinary.com/dghilbqdk/image/upload/v1715129024/sample%20c2p3/dbAsset/toshiba%20air%20cooler/zo7gc7fwbuzu7ce1xqzu.jpg,https://res.cloudinary.com/dghilbqdk/image/upload/v1715129024/sample%20c2p3/dbAsset/toshiba%20air%20cooler/runnp7s4fvrzmnxws9dt.jpg,https://res.cloudinary.com/dghilbqdk/image/upload/v1715129023/sample%20c2p3/dbAsset/toshiba%20air%20cooler/ibkayd4tbrw9hkzkzw4k.jpg,2024-05-8T13:18:52.772Z,2024-05-8T13:18:52.772Z
663b13645cf792a43e4a38a7,wd-40,wd-40_663b13645cf792a43e4a38a7,"WD-40 adalah solusi serbaguna untuk berbagai kebutuhan pelumas, perlindungan, dan perawatan. Dengan formula yang unik dan canggih, WD-40 dapat digunakan untuk melumasi engsel, melonggarkan baut dan mur yang kencang, melindungi alat dan peralatan dari karat dan korosi, serta membersihkan dan melindungi permukaan logam dari kotoran dan debu. Dengan aplikasi yang mudah dan cepat, WD-40 adalah pilihan yang ideal untuk penggunaan di rumah, garasi, bengkel, atau tempat kerja. Dengan WD-40, Anda dapat dengan mudah menjaga peralatan dan mesin Anda dalam kondisi optimal, memperpanjang umur pakainya, dan meningkatkan kinerjanya secara keseluruhan.",Temukan solusi serbaguna untuk kebutuhan pelumas anda dengan WD-40,50000,WD40,fixing equipment,https://res.cloudinary.com/dghilbqdk/image/upload/v1715129024/sample%20c2p3/dbAsset/wd-40/corwq46lrn4tbc60uqan.jpg,https://res.cloudinary.com/dghilbqdk/image/upload/v1715129024/sample%20c2p3/dbAsset/wd-40/corwq46lrn4tbc60uqan.jpg,https://res.cloudinary.com/dghilbqdk/image/upload/v1715261733/sample%20c2p3/dbAsset/wd-40/vbdt4zvhzqbwui2lw5to.jpg,https://res.cloudinary.com/dghilbqdk/image/upload/v1715129024/sample%20c2p3/dbAsset/wd-40/rweidpm5hxgpz8qnlvju.jpg,2024-05-8T13:19:52.772Z,2024-05-8T13:19:52.772Z
